outcome_id,period,okr_progress_pct
DP,2025-Q1,53.07017543859649
DP,2025-Q2,91.0233918128655
OR,2025-Q1,89.63674200516306
OR,2025-Q2,93.87229334597755
RC,2025-Q1,70.96491228070175
RC,2025-Q2,77.953216374269
RR,2025-Q1,68.41269841269842
RR,2025-Q2,81.66666666666667
